group_key,id,title_fr,number,date,source_name
loi::104-12,10,Loi n° 104.12 relative à la liberté des prix et de la concurrence,104.12,2023-11-29,Source officielle
loi::104-12,7772,loi 40.21 modifiant et complétant la loi n 104-12relative à la liberté des prix ,104-12,,anrt_lois_autres
dahir::1-09-236,18,Dahir n° 1-09-236 du 8 Rabii II 1431 (23 février 2010) relatif au code des waqfs,1.09.236,2010-02-23,Source officielle
dahir::1-09-236,7394,Dahir n° 1-09-236 du 18 safar 1431 (3 février 2010) portant promulgation de la l,1-09-236,2010-01-01,Adala
dahir::1-72-255,21,Dahir n° 1-72-255 du 22 février 1973 relatif à la réglementation des opérations ,1-72-255,1973-02-22,Source officielle
dahir::1-72-255,415,Dahir portant loi n° 1-72-255 du 18 moharrem 1393 (22 février 1973) sur l'import,1-72-255,1973-02-22,Source officielle
loi::22-80,23,"Loi n° 22.80 relative à la conservation des monuments historiques et des sites, ",22.80,,Source officielle
loi::22-80,83,"Loi n° 22.80 relative à la protection des monuments historiques et des sites, in",22.80,,Source officielle
décret::2-23-936,32,"Décret n° 2-23-936 relatif aux poids et dimensions des véhicules, modifiant et c",Décret n° 2-23-936,2023-11-29,Source officielle
décret::2-23-936,92,Décret n° 2-23-936 relatif aux poids et dimensions des véhicules,Décret n° 2-23-936,2023-11-29,Source officielle
décret::2-19-67,40,Décret n° 2.19.67 relatif à la réforme des centres régionaux d'investissement et,2.19.67,2019-04-17,Source officielle
décret::2-19-67,100,Décret n° 2.19.67 portant application de la loi n° 47.18 relative à la réforme d,2.19.67,2019-04-17,Source officielle
loi::47-18,53,Loi n° 47.18 modifiant et complétant la loi n° 1-04-22 relative aux centres régi,Loi n°47.18,2019-02-13,Source officielle
loi::47-18,114,Loi n° 47.18 modifiant et complétant la loi n° 1.19.18 du 7 joumada II 1440 (13 ,Loi n°47.18,2019-02-13,Source officielle
loi::47-18,7809,La loi n° 47-18 portant réforme des centres régionaux d’investissement et créati,47-18,,sgg_consolid
décret::2-20-528,131,Décret n° 2.20.528 créant un compte sur bordereau d'ordre spécial dénommé « Fond,2.20.528,2020-08-12,Source officielle
décret::2-20-528,6772,Décret n° 2-20-528 du 18 safar 1442 (5 octobre 2020) portant application de la l,2-20-528,2020-01-01,Adala
décret::2-19-591,135,Décret n°2.19.591 du 19 Dhou al-Qiida 1440 (22 juillet 2019) modifiant le décret,Décret n°2.19.591,2019-07-22,Source officielle
décret::2-19-591,4040,مرسوم رقم 2.19.591 بتغيير وتتميم المرسوم رقم 2.14.867 المتعلق باللجنة الوطنية لل,2.19.591,,sgg
décret::2-22-861,137,Décret n° 2-22-861 relatif aux marchés publics et modifiant et complétant le déc,Décret n° 2-22-861,2023-03-09,Source officielle
décret::2-22-861,1168,"Décret n° 2.22.861 pris pour l'application des lois n° 98-15 et n° 99-15, relati",2.22.861,2022-11-25,Adala
décret::2-22-861,6442,Décret n° 2-22-861 du 23 joumada I 1444 (19 décembre 2022) fixant les attributio,2-22-861,2022-01-01,Adala
dahir::1-21-30,150,Dahir n° 1-21-30 du 8 Ramadan 1442 (21 avril 2021) portant promulgation de la lo,Dahir n°1-21-30,2021-04-21,Source officielle
dahir::1-21-30,168,Dahir n°1.21.30 du 9 Chaoual 1442 (23 mars 2021) portant exécution de la loi-cad,Dahir n°1.21.30,2021-03-23,Source officielle
dahir::1-21-30,6209,Dahir n° 1-21-30 relatif à la protection sociale,1-21-30,2021-03-23,Adala
décret::6380,153,Décret n° 6380 du 23 juillet 2015 relatif à l'application ou la modification de ,6380,2015-07-23,Source officielle
décret::6380,154,Décret n° 2-14-118 du 28 Joumada II 1436 (20 mars 2015) relatif aux conditions e,6380,2015-03-23,Source officielle
dahir::1-16-108,163,Dahir n° 1-16-108 du 23 Chaoual 1437 portant détermination des conditions et mod,Dahir n°1.16.108,2016-07-28,SGG
dahir::1-16-108,4713,Dahir n° 1-16-108 du 13 chaoual 1437 (18 juillet 2016) portant promulgation de l,1-16-108,2016-01-01,Adala
dahir::1-14-187,169,Dahir n° 1-14-187 du 17 Safar 1436 (10 décembre 2014) portant exécution de la lo,Dahir n°1.14.187,2014-12-10,Source officielle
dahir::1-14-187,6257,Dahir n° 1.14.187 portant loi relative à la justice militaire,1-14-187,2014-01-01,Adala
dahir::1-14-187,7680,Dahir n° 1-14-187 du 17 Safar 1436 (10 décembre 2014) portant promulgation de la,Dahir n°1-14-187,2014-12-10,Source officielle
dahir::1-19-82,174,Dahir n° 1-19-82 du 17 Chaoual 1440 (21 juin 2019) portant promulgation de la lo,Dahir n° 1-19-82,2019-06-21,Source officielle
dahir::1-19-82,4495,Loi fondamentale de Bank Al-Maghrib (n° 1.19.82),1-19-82,2019-06-21,Adala
dahir::1-19-82,5489,Dahir n°1-19-82 du 21 juin 2019 portant promulgation de la loi n°40-17 relative ,1-19-82,2019-01-01,Adala
dahir::1-19-82,7684,Dahir n°1-19-82 du 17 Chaoual 1440 (21 juin 2019) portant promulgation de la loi,Dahir n°1-19-82,2019-06-21,BKAM
dahir::1-11-03,184,Dahir n° 1-11-03 du 14 rabii 1 1432 (18 février 2011) portant promulgation de la,Dahir n° 1-11-03,2011-02-18,Source officielle
dahir::1-11-03,4573,Loi relative à la protection du consommateur (n° 1.11.03),1-11-03,2011-02-18,Adala
décret::2-12-90,212,Décret n° 2-12-90 modifiant et complétant le décret n° 2-04-23 fixant les modali,Décret n°2-12-90,2012-04-30,Source officielle
décret::2-12-90,7669,Décret n° 2-12-90 du 8 joumada II 1433 (30 avril 2012) relatif aux diplômes requ,2-12-90,2012-04-30,Source officielle
dahir::1-16-110,237,Dahir n°1-16-110 du 20 août 2016 portant exécution de la loi n° 72-14 fixant l'â,Dahir n°1-16-110,2016-08-20,Source officielle
dahir::1-16-110,4547,Âge de la retraite des fonctionnaires et agents affiliés au régime des pensions ,1-16-110,2016-01-01,Adala
décret::2-17-696,364,Décret n° 2-17-696 du 11 rabii 1 1439 (30 novembre 2017) fixant les modalités de,2-17-696,2017-11-30,Source officielle
décret::2-17-696,692,Décret n° 2.17.696 modifiant le décret fixant les modalités de fonctionnement de,2.17.696,2017-11-30,Source officielle
décret::2-15-807,372,Décret n° 2.15.807 relatif à l'application des dispositions de la loi n° 33.13 r,2.15.807,2016-04-20,Source officielle
décret::2-15-807,419,Décret n° 2-15-807 du 12 rejeb 1437 (20 avril 2016) pris pour l’application des ,Décret n° 2-15-807,2016-04-20,Source officielle
décret::2-17-587,459,Décret n° 2-17-587 du 2 rabii 11 1440 (10 décembre 2018) fixant les conditions e,2-17-587,2018-12-10,Source officielle
décret::2-17-587,1046,Arrêté de la ministre de la transition énergétique et du développement durable n,2.17.587,2024-03-25,Adala
dahir::1-03-59,465,Dahir portant promulgation de la loi n° 11-03 relative à la protection et à la m,Dahir n° 1-03-59,2003-05-12,Source officielle
dahir::1-03-59,4794,Dahir n° 1.03.59 portant protection et valorisation de l'environnement,1-03-59,2003-05-12,Adala
dahir::1-03-59,5898,Dahir n° 1-03-59 du 10 rebia I 1424 (12 mai 2003) portant promulgation de la loi,1-03-59,2003-01-01,Adala
dahir::1-04-22,472,Dahir n° 1-04-22 du 1er chaoual 1425 (13 décembre 2004) portant promulgation de ,Dahir n° 1-04-22,2004-12-01,Source officielle
dahir::1-04-22,486,Dahir n° 1-04-22 du 19 moharrem 1425 (19 février 2004) portant promulgation de l,Dahir n°1-04-22,2004-02-19,Source officielle
dahir::1-04-22,509,Dahir n° 1-04-22 du 27 hija 1424 (18 février 2004) portant publication de la loi,Dahir 1-04-22,1905-01-11,Source officielle
dahir::1-11-151,527,Dahir n° 1-11-151 du 20 chaâbane 1432 (20 juillet 2011) portant publication de l,Dahir n°1-11-151,2011-07-20,Source officielle
dahir::1-11-151,4712,Dahir n° 1-11-151 du 16 ramadan 1432 (17 août 2011) portant promulgation de la l,1-11-151,2011-01-01,Adala
dahir::1-20-31,546,Dahir n° 1-20-31 du 18 mai 2020 portant création de l'Agence Nationale de la Con,Dahir n°1-20-31,2020-05-18,Source officielle
dahir::1-20-31,6842,Dahir n° 1-20-31 du 11 rejeb 1441 (6 mars 2020) portant promulgation de la loi n,1-20-31,2020-03-06,Adala
dahir::1-10-61,574,Dahir n° 1-10-61 du 26 hija 1431 (11 novembre 2010) portant promulgation de la l,Dahir n°1-10-61,2010-11-11,Source officielle
dahir::1-10-61,7439,Dahir n° 1-10-61 du 4 kaada 1434 (11 septembre 2013) portant publication de la c,1-10-61,2007-06-15,Adala
dahir::1-14-149,585,Dahir portant promulgation de la loi n° 142-12 relative à la sûreté et à la sécu,Dahir n° 1-14-149,2014-09-18,Source officielle
dahir::1-14-149,4796,Loi n° 142.12 relative à la sûreté et la sécurité nucléaires et radiologiques et,1-14-149,,Adala
dahir::1-14-149,7567,Dahir n° 1-14-149 du 25 ramadan 1435 (23 juillet 2014) portant promulgation de l,1-14-149,2014-01-01,Adala
décret::2-21-345,600,Décret n° 2.21.345 du 5 Dhou al-Qi`da 1442 (16 juillet 2021) relatif à l’organis,Décret n°2.21.345,2024-03-21,Source officielle
décret::2-21-345,7062,Décret n° 2-21-345 du 6 kaada 1442 (16 juin 2021) portant application de la loi ,2-21-345,2021-06-16,Adala
dahir::1-11-178,607,Dahir n° 1-11-178 du 25 moharrem 1432 (22 novembre 2011) portant promulgation de,Dahir n°1-11-178,2011-11-22,Source officielle
dahir::1-11-178,6588,Dahir portant Code des droits réels,1-11-178,2011-01-01,Adala
dahir::1-24-35,619,Dahir n° 1-24-35 du 2 safar 1446 (7 août 2024) portant promulgation de la loi n°,Dahir n° 1-24-35,2024-08-07,Source officielle
dahir::1-24-35,664,Dahir n° 1-24-35 du 2 rabii II 1446 portant exécution de la loi n° 32.24 relativ,Dahir n°1.24.35,2024-08-07,Source officielle
dahir::1-24-35,4086,Dahir n° 1.24.35 portant dissolution et liquidation de la Ligue nationale de lut,1-24-35,2024-01-01,Adala
dahir::1-24-35,7491,Dahir n° 1-24-35 du 1er joumada II 1445 (14 décembre 2023) portant promulgation ,1-24-35,2024-01-01,Adala
dahir::1-24-35,7712,Dahir n°1-24-35 portant promulgation de la Loi Organique n°30.24 modifiant et co,Dahir n°1-24-35,2024-08-16,Source officielle
décret::2-23-76,627,Décret pris pour l’application des dispositions de la loi n° 2-00 relative aux d,2-23-76,2023-08-02,Source officielle
décret::2-23-76,1101,Décret n° 2.23.76 pris pour l'application de la loi n° 2-00 relative aux droits ,2.23.76,2023-08-02,Adala
dahir::1-24-26,642,Dahir n° 1-24-26 du 16 Ramadan 1447 (26 mars 2026) portant amendment et modifica,Dahir n°1-24-26,2024-03-16,SGG
dahir::1-24-26,5950,Dahir n° 1-24-26 du 1er janvier 2024 portant promulgation de la loi n° 43-23 rel,1-24-26,2024-01-01,Adala
dahir::1-21-94,646,Dahir n° 1.21.94 portant exécution de la loi n° 01.21 relative à l'assujettissem,Dahir n°1.21.94,2024-02-12,Source officielle
dahir::1-21-94,5221,Loi n° 01.21 soumettant les cadres des AREF au régime des pensions civiles. (n° ,1-21-94,2021-01-01,Adala
décret::2-23-557,669,Décret n° 2.23.557 relatif à la qualité des matières destinées à l'alimentation ,Décret n°2.23.557,2024-05-14,Source officielle
décret::2-23-557,6351,Décret n° 2-23-557 du 1er joumada II 1445 (15 décembre 2023) portant application,2-23-557,2024-01-01,Adala
décret::2-19-429,696,Décret n° 2-19-429 modifiant le décret n° 2-19-429 du 18 Ramadan 1440 (24 mai 20,Décret n°2.19.429,2024-07-16,Source officielle
décret::2-19-429,1462,Décret n° 2.19.429 portant statut particulier du personnel de la Sûreté national,2.19.429,2019-05-24,Adala
décret::2-24-395,731,Décret n° 2.24.395 relatif à la réorganisation du Centre de planification et d'o,Décret n°2.24.395,2024-07-11,Source officielle
décret::2-24-395,5188,Décret n° 2-24-395 du 5 hija 1445 (12 juin 2024) portant application de la loi n,2-24-395,2024-06-12,Adala
décret::2-23-75,1105,Décret n° 2.23.75 pris pour l'application des dispositions de la loi n° 2-00 rel,2.23.75,2023-07-13,Adala
décret::2-23-75,5150,Décret n° 2-23-75 du 1er janvier 2023 fixant les modalités d'application de la l,2-23-75,2023-01-01,Adala
décret::2-22-858,1165,"Décret n° 2.22.858 pris pour l'application des lois n° 98-15 et n° 99-15, concer",2.22.858,2022-11-25,Adala
décret::2-22-858,6434,Décret n° 2-22-858 du 28 joumada I 1444 (23 décembre 2022) fixant les attributio,2-22-858,2022-01-01,Adala
dahir::1-22-19,1233,Dahir portant approbation du statut de la Fondation Mohammed VI pour les œuvres ,1.22.19,2022-02-26,Adala
dahir::1-22-19,7242,Dahir n° 1-22-19 du 2 joumada II 1443 (5 janvier 2022) portant promulgation de l,1-22-19,2022-01-01,Adala
décret::2-21-530,1270,"Décret n° 2.21.530 pris pour l’application des lois n° 98-15 et n° 99-15, relati",2.21.530,2021-11-29,Adala
décret::2-21-530,7007,Décret n° 2-21-530 du 1er janvier 2021 portant application de la loi n° 55-19 re,2-21-530,2021-01-01,Adala
décret::2-21-359,1281,Décret relatif aux servitudes radioélectriques instituées aux abords des équipem,2.21.359,2021-09-02,Adala
décret::2-21-359,7085,Décret n° 2-21-359 du 23 joumada II 1442 (5 février 2021) portant application de,2-21-359,2021-01-01,Adala
décret::2-20-927,1282,Décret relatif aux servitudes de dégagement instituées aux abords des aérodromes,2.20.927,2021-09-02,Adala
décret::2-20-927,6398,Décret n° 2-20-927 du 18 joumada I 1442 (2 janvier 2021) portant application de ,2-20-927,2021-01-01,Adala
décret::2-21-369,1318,Décret n° 2.21.369 pris pour l'application des lois n° 98-15 et n° 99-15 relativ,2.21.369,2021-05-27,Adala
décret::2-21-369,6240,Décret n° 2-21-369 du 23 joumada II 1442 (5 février 2021) fixant les conditions ,2-21-369,2021-01-01,Adala
décret::2-21-368,1319,"Décret n° 2.21.368 pris pour l’application des lois n° 98-15 et n° 99-15, relati",2.21.368,2021-05-27,Adala
décret::2-21-368,6262,Décret n° 2-21-368 du 1er joumada II 1443 (4 janvier 2022) portant application d,2-21-368,2021-01-01,Adala
décret::2-20-803,1322,Décret d'application des lois n° 98-15 et n° 99-15 relatives à l'assurance malad,2.20.803,2021-05-04,Adala
décret::2-20-803,5645,Décret n° 2-20-803 du 18 joumada I 1442 (2 janvier 2021) pris pour l'application,2-20-803,2021-01-01,Adala
décret::2-21-158,1348,Décret d'application de la loi n°15-18 relative au financement collaboratif,2.21.158,2021-02-22,Adala
décret::2-21-158,5527,Décret n° 2-21-158 du 1er joumada II 1443 (4 janvier 2022) portant application d,2-21-158,2022-01-01,Adala
décret::2-19-1083,1390,Décret n° 2.19.1083 fixant les éléments entrant dans la composition de l'indice ,2.19.1083,2020-04-27,Adala
décret::2-19-1083,6767,Décret n° 2-19-1083 du 28 joumada I 1441 (24 janvier 2020) portant application d,2-19-1083,2020-01-01,Adala
décret::2-19-769,1441,"Décret n° 2.19.769 pris pour l'application des lois n° 98-15 et n° 99-15, relati",2.19.769,2019-10-03,Adala
décret::2-19-769,6461,Décret n° 2-19-769 du 1er joumada I 1441 (27 décembre 2019) fixant les attributi,2-19-769,2019-01-01,Adala
dahir::1-19-51,1465,Dahir portant création de la Fondation Mohammed VI des œuvres sociales des fonct,1.19.51,2019-04-05,Adala
dahir::1-19-51,6277,Dahir n° 1-19-51 du 11 ramadan 1440 (16 mai 2019) portant promulgation de la loi,1-19-51,2019-01-01,Adala
décret::2-18-734,1491,Décret n° 2.18.734 portant création et organisation de l'Institut de formation a,2.18.734,2018-12-05,Adala
décret::2-18-734,6620,Décret n° 2-18-734 du 22 safar 1440 (31 octobre 2018) pris pour l'application de,2-18-734,2018-01-01,Adala
décret::2-16-494,1607,Décret n°2.16.494 fixant les conditions et les montants des indemnités allouées ,2.16.494,2016-10-06,Adala
décret::2-16-494,6928,Décret n° 2-16-494 du 1er joumada I 1438 (29 janvier 2017) pris pour l'applicati,2-16-494,2016-01-01,Adala
loi::28-13,1728,Loi n°28.13 relative à la protection des personnes participant aux recherches bi,28.13,2015-08-04,Adala
loi::28-13,7814,Décret n° 2.20.326 portant application de la loi n°28-13 relative à la protectio,28-13,,sgg_consolid
dahir::1-11-139,1968,Autre n°1.11.139,1.11.139,2011-08-09,Adala
dahir::1-11-139,7279,Dahir n° 1-11-139 du 16 ramadan 1432 (17 août 2011) portant promulgation de la l,1-11-139,2011-01-01,Adala
décret::2-06-574,2174,Décret n° 2.06.574 portant application de la taxe sur la valeur ajoutée prévue a,2.06.574,2006-12-31,Adala
décret::2-06-574,6791,Décret d'application de la TVA (Titre III du CGI),2-06-574,2006-01-01,Adala
dahir::1-04-231,2244,Dahir portant approbation du règlement intérieur du Conseil Supérieur des Ouléma,1.04.231,2005-02-16,Adala
dahir::1-04-231,7197,Dahir n° 1-04-231 du 29 kaada 1425 (11 janvier 2005) portant promulgation de la ,1-04-231,2005-01-01,Adala
décret::2-04-554,2252,Décret n° 2.04.554 relatif à l'organisation de la Commission Royale du Hajj,2.04.554,2004-12-29,Adala
décret::2-04-554,7231,Décret n° 2-04-554 du 16 ramadan 1425 (30 septembre 2004) pris pour l'applicatio,2-04-554,2004-01-01,Adala
dahir::1-03-300,2273,Dahir relatif à la création du Conseil Supérieur des Oulémas et des Conseils des,1.03.300,2004-04-22,Adala
dahir::1-03-300,7264,Dahir n° 1-03-300 du 10 rebia I 1424 (12 mai 2003) portant promulgation de la lo,1-03-300,2004-01-01,Adala
décret::2-04-547,2275,Décret n° 2.04.547 pris pour l'application de la loi n° 24-01 relative aux opéra,2.04.547,2004-04-21,Adala
décret::2-04-547,5495,Décret n° 2-04-547 du 16 ramadan 1425 (30 octobre 2004) fixant les attributions ,2-04-547,2004-01-01,Adala
décret::2-94-651,2652,Décret d'application de la loi n° 35-94 relative à certains titres de créances n,2.94.651,1995-01-26,Adala
décret::2-94-651,5539,Décret n° 2-94-651 du 1er joumada II 1415 (4 novembre 1994) pris pour l'applicat,2-94-651,1995-01-01,Adala
décret::2-73-454,3352,Décret n° 2.73.454 relatif à la conservation des hypothèques maritimes,2.73.454,1975-01-10,Adala
décret::2-73-454,6428,Décret n° 2-73-454 du 1er Moharrem 1395 (14 janvier 1975) portant application de,2-73-454,1975-01-01,Adala
décret::2-19-575,4128,Décret n° 2-19-575 du 7 août 2019 fixant le montant maximal des microcrédits,2-19-575,2019-01-01,Adala
décret::2-19-575,6834,Décret n° 2-19-575 du 27 safar 1441 (26 octobre 2019) portant application de la ,2-19-575,2019-01-01,Adala
dahir::1-15-124,4141,Dahir n° 1-15-124 du 29 ramadan 1436 (16 juillet 2015) portant promulgation de l,1-15-124,,Adala
dahir::1-15-124,7002,Dahir n° 1-15-124 du 19 rejeb 1444 (10 février 2023) portant publication de l'Ac,1-15-124,2023-01-01,Adala
dahir::1-03-196,4168,Dahir n° 1-03-196 du 16 ramadan 1424 (11 novembre 2003) portant promulgation de ,1-03-196,2003-01-01,Adala
dahir::1-03-196,4344,"Loi relative à l'entrée et au séjour des étrangers, à l'émigration et l'immigrat",1-03-196,2003-01-01,Adala
décret::2-20-422,4220,Décret n° 2-20-422 du 10 Rabii II 1442 (26 novembre 2020) relatif à la qualité e,2-20-422,2020-01-01,Adala
décret::2-20-422,6784,Décret n° 2-20-422 du 8 hija 1441 (29 juillet 2020) portant application de la lo,2-20-422,,Adala
dahir::1-17-26,4287,Lutte contre le dopage dans le domaine sportif,1-17-26,2017-01-01,Adala
dahir::1-17-26,6551,Dahir n° 1-17-26 du 28 joumada II 1438 (27 mars 2017) portant promulgation de la,1-17-26,2017-01-01,Adala
dahir::1-14-193,4297,Établissements de crédit et organismes assimilés (n° 1.14.193),1-14-193,2014-01-01,Adala
dahir::1-14-193,5938,Dahir n° 1-14-193 du 1er Safar 1436 (24 novembre 2014) portant promulgation de l,1-14-193,2014-01-01,Adala
dahir::1-17-12,4454,Dahir n° 1.17.12 portant promulgation de la loi autorisant le gouvernement à mod,1-17-12,2017-05-15,Adala
dahir::1-17-12,6229,Dahir n° 1-17-12 autorisant le gouvernement à modifier par décrets le droit d'im,1-17-12,2017-01-01,Adala
dahir::1-21-59,4469,Loi relative aux usages licites du cannabis (n° 1.21.59),1-21-59,2021-01-01,Adala
dahir::1-21-59,6944,Dahir n° 1-21-59 du 11 ramadan 1442 (23 avril 2021) portant promulgation de la l,1-21-59,2021-01-01,Adala
dahir::1-20-76,4484,Fondation des œuvres sociales des employés de la Direction Générale de la Protec,1-20-76,2020-01-01,Adala
dahir::1-20-76,4553,Dahir n° 1-20-76 du 18 ramadan 1441 (12 mai 2020) portant promulgation de la loi,1-20-76,2020-01-01,Adala
dahir::1-18-94,4508,Dahir n° 1.18.94 relatif à la formation continue des salariés du secteur privé e,1-18-94,2018-10-05,Adala
dahir::1-18-94,6901,Dahir n° 1-18-94 du 2 joumada I 1440 (9 janvier 2019) portant promulgation de la,1-18-94,2018-01-01,Adala
décret::2-11-151,4550,Décret n° 2.11.151 relatif à la création de la zone d'accélération industrielle ,2-11-151,2011-05-27,Adala
décret::2-11-151,6797,Décret n° 2-11-151 du 27 joumada II 1432 (30 mai 2011) portant application de la,2-11-151,2011-01-01,Adala
dahir::1-20-06,4594,Dahir n° 1-20-06 du 6 mars 2020 portant loi n° 55-19 sur la simplification des p,1-20-06,2020-01-01,Adala
dahir::1-20-06,5189,Dahir n° 1-20-06 du 13 rejeb 1441 (9 mars 2020) portant promulgation de la loi n,1-20-06,2020-03-06,Adala
décret::2-23-404,4677,Décret n° 2-23-404 du 20 kaada 1444 (8 juin 2023) portant application de la loi ,2-23-404,2023-06-08,Adala
décret::2-23-404,7663,Décret n° 2-23-404 du 19 Dhou al-Qaâda 1444 (8 juin 2023) fixant l'organisation ,2-23-404,2023-06-08,Source officielle
dahir::1-18-55,4731,Dahir n° 1-18-55 du 12 chaabane 1439 (28 avril 2018) portant promulgation de la ,1-18-55,2018-01-01,Adala
dahir::1-18-55,4784,"Réglementation des explosifs civils, feux d'artifice et équipements pyrotechniqu",1-18-55,2018-01-01,Adala
dahir::1-21-49,4737,Loi relative à la police portuaire (n° 1.21.49),1-21-49,2021-05-26,Adala
dahir::1-21-49,6430,Dahir n° 1-21-49 du 15 ramadan 1442 (27 avril 2021) portant promulgation de la l,1-21-49,,Adala
dahir::1-11-177,4813,Dahir n° 1-11-177 du 25 safar 1433 (19 janvier 2012) portant promulgation de la ,1-11-177,2011-01-01,Adala
dahir::1-11-177,7041,Dahir du 9 ramadan 1331 (12 août 1913) relatif à l'immatriculation des immeubles,1-11-177,1913-01-01,Adala
dahir::1-20-83,4823,Contrôle de l'exportation et de l'importation des biens et services à double usa,1-20-83,,Adala
dahir::1-20-83,6506,Dahir n° 1-20-83 du 18 joumada I 1442 (2 janvier 2021) portant promulgation de l,1-20-83,2020-01-01,Adala
dahir::1-00-312,5241,Dahir n° 1-00-312 du 2 rabii I 1421 (5 juin 2000) portant promulgation de la loi,1-00-312,,Adala
dahir::1-00-312,5872,Dahir n° 1.00.312 portant publication de la convention n° 182 et de la recommand,1-00-312,2003-06-03,Adala
dahir::1-25-32,5404,Dahir n° 1-25-32 portant promulgation de la loi 26.24 approuvant la charte de l',1-25-32,2025-02-20,Adala
dahir::1-25-32,6604,Dahir n° 1-25-32 du 20 février 2025 portant approbation de la Charte de l'Organi,1-25-32,2025-01-01,Adala
dahir::1-25-10,5422,Dahir n° 1-25-10 portant promulgation de la loi n° 19.23 approuvant l'accord Mar,1-25-10,2025-02-20,Adala
dahir::1-25-10,6494,Dahir n° 1-25-10 du 20 février 2025 portant approbation de l'Accord IPD-Maroc su,1-25-10,2025-01-01,Adala
décret::2-21-477,5435,Décret n° 2-21-477 du 23 safar 1443 (30 septembre 2021) portant application de l,2-21-477,2021-01-01,Adala
décret::2-21-477,7522,Décret n° 2-21-477 du 30 moharrem 1443 (8 septembre 2021) relatif aux autorisati,2-21-477,2021-01-01,Adala
dahir::1-25-25,5439,Dahir n° 1-25-25 portant promulgation de la loi n° 07.24 approuvant l'accord de ,1-25-25,2025-02-20,Adala
dahir::1-25-25,6172,Dahir n° 1-25-25 du 20 février 2025 portant approbation de l'Accord de coopérati,1-25-25,2025-01-01,Adala
dahir::1-25-09,5442,Dahir n° 1-25-09 portant accord sur les services aériens entre le Maroc et le Ca,1-25-09,2025-02-20,Adala
dahir::1-25-09,6291,Dahir n° 1-25-09 portant promulgation de la loi n° 17-23 approuvant l'accord aér,1-25-09,2025-01-01,Adala
dahir::1-91-131,5513,Dahir n° 1-91-131 du 22 rebia I 1412 (1er octobre 1991) portant promulgation de ,1-91-131,1992-01-01,Adala
dahir::1-91-131,5595,"Dahir n° 1-91-131 portant loi n° 58-90 relative aux places financières offshore,",1-91-131,1992-02-26,Adala
dahir::1-16-101,5604,Dahir n° 1-16-101 du 13 chaoual 1437 (18 juillet 2016) portant promulgation de l,1-16-101,2016-01-01,Adala
dahir::1-16-101,7106,Dahir n° 1-16-101 du 20 juillet 2016 portant réorganisation du Théâtre national ,1-16-101,2016-01-01,Adala
dahir::1-25-54,5915,Dahir n° 1-25-54 du 4 août 2025 portant création de la Fondation Maroc 2030,1-25-54,2025-01-01,Adala
dahir::1-25-54,7456,Dahir n° 1-25-54 du 10 safar 1447 (4 août 2025) portant promulgation de la loi n,1-25-54,2025-01-01,Adala
décret::2-20-330,6030,Décret prolongeant l'état d'urgence sanitaire sur tout le territoire national fa,2-20-330,2020-04-18,Adala
décret::2-20-330,6776,Décret n° 2-20-330 du 8 joumada II 1442 (21 janvier 2021) portant application de,2-20-330,2020-01-01,Adala
dahir::1-25-05,6216,Dahir portant loi 51.22 approuvant la convention 118 OIT sur l'égalité de traite,1-25-05,2025-02-20,Adala
dahir::1-25-05,6495,Dahir n° 1-25-05 du 20 février 2025 portant promulgation de la loi n° 51-22 rela,1-25-05,2025-01-01,Adala
dahir::1-19-18,6289,Dahir n° 1-19-18 du 29 joumada I 1440 (5 février 2019) portant promulgation de l,1-19-18,2019-01-01,Adala
dahir::1-19-18,6343,Dahir n° 1-19-18 portant réforme des CRI et création des commissions régionales ,1-19-18,2019-02-13,Adala
dahir::1-17-59,6328,Dahir n° 1.17.59 portant approbation de l'Accord international sur l'huile d'oli,1-17-59,2015-01-01,Adala
dahir::1-17-59,6763,Dahir n° 1-17-59 du 24 chaoual 1438 (18 juillet 2017) portant promulgation de la,1-17-59,2017-01-01,Adala
dahir::1-21-64,6406,Dahir n° 1-21-64 du 15 ramadan 1442 (27 avril 2021) portant promulgation de la l,1-21-64,2021-01-01,Adala
dahir::1-21-64,6504,Dahir n° 1.21.64 portant approbation de l'Accord Maroc-ONU sur le Bureau de lutt,1-21-64,2021-01-01,Adala
décret::2-21-532,6458,Décret n° 2-21-532 du 23 safar 1443 (30 septembre 2021) portant application de l,2-21-532,2021-01-01,Adala
décret::2-21-532,6607,Décret portant création de la commission ministérielle de pilotage de la réforme,2-21-532,2021-01-01,Adala
dahir::1-19-04,6482,Dahir n° 1-19-04 portant loi n° 22.18 approuvant la convention fiscale Maroc-Ban,1-19-04,2018-02-28,Adala
dahir::1-19-04,6875,Dahir n° 1-19-04 du 1er joumada II 1440 (7 février 2019) portant promulgation de,1-19-04,2019-01-01,Adala
décret::2-21-225,6498,Décret n° 2-21-225 du 18 chaoual 1442 (30 mai 2021) portant application de la lo,2-21-225,2021-01-01,Adala
décret::2-21-225,7572,Décret n° 2-21-225 relatif au Code de déontologie de la profession médicale,2-21-225,2021-06-17,Adala
dahir::1-19-05,6540,Dahir n° 1-19-05 portant loi n° 23.18 approuvant l'accord aérien Maroc-Bahreïn.,1-19-05,2019-01-25,Adala
dahir::1-19-05,6916,Dahir n° 1-19-05 du 1er joumada I 1440 (7 janvier 2019) portant promulgation de ,1-19-05,2019-01-01,Adala
dahir::1-22-63,6678,Dahir n° 1-22-63 du 15 joumada II 1443 (18 janvier 2022) portant promulgation de,1-22-63,2022-01-01,Adala
dahir::1-22-63,6972,Dahir n° 1.22.63 relatif à la navigabilité et à la sécurité aérienne des aéronef,1-22-63,2022-01-01,Adala
dahir::1-20-98,6693,Loi n° 20.34 approuvant l'accord Maroc-Japon sur la promotion et la protection d,1-20-98,2020-01-08,Adala
dahir::1-20-98,6711,Dahir n° 1-20-98 du 20 joumada I 1441 (16 janvier 2020) portant promulgation de ,1-20-98,2020-01-01,Adala
dahir::1-20-99,6810,Dahir n° 1-20-99 du 28 joumada I 1441 (24 janvier 2020) portant promulgation de ,1-20-99,2020-01-01,Adala
dahir::1-20-99,6862,Dahir n° 1-20-99 portant approbation de l'Accord d'association Maroc-Royaume-Uni,1-20-99,2019-10-26,Adala
décret::2-18-577,6904,Décret n° 2-18-577 du 25 joumada I 1440 (1er février 2019) fixant les attributio,2-18-577,2019-01-01,Adala
décret::2-18-577,6954,Décret n° 2-18-577 du 8 chaoual 1440 (12 juin 2019) portant application de la lo,2-18-577,2019-06-12,Adala
